doc_id,title,issuer,authority_level,doc_type,version,effective_from,effective_to,supersedes,scope_programmes,scope_batches,provenance,retrieved_on,synthetic
PLACE-POL-2025,Placement Policy,Training and Placement Cell,2,circular,2.0,2025-01-10,,,ALL,ALL,SYNTHETIC - replace with real NSUT placement policy,2026-10-06,Y
NSUT-SCHOL-NSP-2026,Endorsement: E-District / NSP Scholarship Schemes,"Deputy Registrar (Academic), NSUT",2,circular,1.0,2026-09-30,,,ALL,ALL,https://www.imsnsit.org/imsnsit/notifications.php (OCR transcription of scanned original),2026-10-06,N
NSUT-SCHOL-SIEMENS-2026,Siemens Energy4Good Scholarship Endorsement,"Deputy Registrar (Academic), NSUT",2,circular,1.0,2026-09-30,,,ALL,ALL,https://www.imsnsit.org/imsnsit/notifications.php (OCR transcription of scanned original),2026-10-06,N
NSUT-TNP-APC-2026,T&P Notice: Volunteers and Assistant Placement Coordinators,"Deputy Registrar (T&P), NSUT",2,notice,1.0,2026-09-28,,,ALL,ALL,https://www.imsnsit.org/imsnsit/notifications.php (OCR transcription of scanned original),2026-10-06,N
HOSTEL-RULES-2025,Hostel Rules and Allotment Policy,"Office of the Chief Warden, NSUT",2,regulation,1.3,2025-08-01,,,ALL,ALL,SYNTHETIC - replace with real NSUT hostel rules,2026-10-06,Y
NSUT-REG-BTECH-2019,Regulations for UG Programme of B.Tech (2019-20 onwards),NSUT (Senate / Board of Management),1,regulation,2019,2019-08-01,,,ALL,ALL,"Official NSUT document (user-provided PDF, nsut.ac.in)",2026-10-06,N
NSUT-ORD-II-2019,Ordinance-II for UG and PG Programmes (revised 29.10.2019),NSUT,1,regulation,29.10.2019,2019-10-29,,,ALL,ALL,"Official NSUT document (user-provided PDF, nsut.ac.in)",2026-10-06,N
NSUT-TNP-POLICY-2025,"Placement Policy 2025-26 (Students), T&P Section","Training and Placement Section, NSUT",2,circular,2025-26,2025-07-01,,,ALL,ALL,"Official NSUT document (user-provided PDF, tnpnsut.in)",2026-10-06,N
NSUT-FEE-2026-27,"Annual Fee of all Programs, Academic Session 2026-27","Academic Section, NSUT",2,notice,1.0,2026-05-14,,,ALL,ALL,"Official NSUT notification (user-provided scan; OCR transcription, original in data/real_docs)",2026-10-06,N
CIRC-ACAD-2026-08,Revision of Minimum Attendance Requirement,Office of the Dean (Academics),2,circular,1.0,2026-08-01,,NSUT-REG-BTECH-2019#11.2,ALL,ALL,SYNTHETIC - conflict demonstration circular,2026-10-06,Y
